antecedants,consequents,antecedent support,consequent support,support,confidence,lift
"plan, insurance companies",healthcare,0.00178412,0.06244425,0.00178412,1.0,16.01428571
"run, corker",bob,0.00178412,0.01070473,0.00178412,1.0,93.41666667
"run, bob",corker,0.00178412,0.00802855,0.00178412,1.0,124.55555556
"election, lowest",massive,0.00178412,0.0499554,0.00178412,1.0,20.01785714
"healthcare, justice",massive,0.00178412,0.0499554,0.00178412,1.0,20.01785714
"order, dem",election,0.00178412,0.08920607,0.00178412,1.0,11.21
