antecedants,consequents,antecedent support,consequent support,support,confidence,lift
pearl,harbor,0.01185185,0.01037037,0.01037037,0.875,84.375
harbor,pearl,0.01037037,0.01185185,0.01037037,1.0,84.375
"correct, travel ban",politically,0.00444444,0.01037037,0.00444444,1.0,96.42857143
"travel ban, politically",correct,0.00444444,0.01185185,0.00444444,1.0,84.375
