antecedants,consequents,antecedent support,consequent support,support,confidence,lift
"iran, bob",corker,0.00255754,0.00767263,0.00255754,1.0,130.33333333
"iran, corker",bob,0.00255754,0.01023018,0.00255754,1.0,97.75
"stop, daca",military,0.00255754,0.06479113,0.00255754,1.0,15.43421053
"drug, military",daca,0.00255754,0.03239557,0.00255754,1.0,30.86842105
"drug, daca",military,0.00255754,0.06479113,0.00255754,1.0,15.43421053
